,user_id,age,sex,occupation,zip_code,#_ratings,RMSE
0,1,24,M,technician,85711,272,0.5561700507846435
1,2,53,F,other,94043,62,0.5037051164399242
2,3,23,M,writer,32067,54,0.6049947052656418
3,4,24,M,technician,43537,24,0.420338917326612
4,5,33,F,other,15213,175,0.5262883936578704
5,6,42,M,executive,98101,211,0.629844250619399
6,7,57,M,administrator,91344,403,0.6591360657345986
7,8,36,M,administrator,05201,59,0.5785611287587512
8,9,29,M,student,01002,22,0.42265262240008256
9,10,53,M,lawyer,90703,184,0.4276755019938016
10,11,39,F,other,30329,181,0.6824522131424051
11,12,28,F,other,06405,51,0.4988478052862176
12,13,47,M,educator,29206,636,0.5081828109833646
13,14,45,M,scientist,55106,98,0.5965578787768931
14,15,49,F,educator,97301,104,0.6113621130486779
15,16,21,M,entertainment,10309,140,0.6151051821721882
16,17,30,M,programmer,06355,28,0.33751472247215847
17,18,35,F,other,37212,277,0.6011868894489518
18,19,40,M,librarian,02138,20,0.43393015601501017
19,20,42,F,homemaker,95660,48,0.6154529803051945
20,21,26,M,writer,30068,179,0.5063609035818938
21,22,25,M,writer,40206,128,0.6391398707757001
22,23,30,F,artist,48197,151,0.6489845202811156
23,24,21,F,artist,94533,68,0.42668416566885564
24,25,39,M,engineer,55107,78,0.4080614295233129
25,26,49,M,engineer,21044,107,0.4344206599105811
26,27,40,F,librarian,30030,25,0.5300604652564787
27,28,32,M,writer,55369,79,0.5087682611513882
28,29,41,M,programmer,94043,34,0.25878679476290417
29,30,7,M,student,55436,43,0.42742288964080444
30,31,24,M,artist,10003,36,0.3763866574629015
31,32,28,F,student,78741,41,0.5369021745015392
32,33,23,M,student,27510,24,0.20825656203065435
33,34,38,F,administrator,42141,20,0.30332319306926303
34,35,20,F,homemaker,42459,25,0.29215749125545426
35,36,19,F,student,93117,20,0.28534198419197654
36,37,23,M,student,55105,57,0.5932303507414455
37,38,28,F,other,54467,121,0.47893030981645834
38,39,41,M,entertainment,01040,22,0.48770307282610603
39,40,38,M,scientist,27514,35,0.5342050413191907
40,41,33,M,engineer,80525,52,0.40184592569250577
41,42,30,M,administrator,17870,183,0.5767842946509169
42,43,29,F,librarian,20854,221,0.6848933841238768
43,44,26,M,technician,46260,151,0.655723065627767
44,45,29,M,programmer,50233,48,0.4274640751448641
45,46,27,F,marketing,46538,27,0.45031258765368815
46,47,53,M,marketing,07102,25,0.42051563539118286
47,48,45,M,administrator,12550,66,0.5615576539006523
48,49,23,F,student,76111,215,0.5780967449054132
49,50,21,M,writer,52245,24,0.4077601240508
50,51,28,M,educator,16509,23,0.3379472965894618
51,52,18,F,student,55105,56,0.34956144257306715
52,53,26,M,programmer,55414,28,0.26537118362918843
53,54,22,M,executive,66315,65,0.5850761445892324
54,55,37,M,programmer,01331,21,0.45974452970947677
55,56,25,M,librarian,46260,187,0.6727753169081278
56,57,16,M,none,84010,106,0.5391959587749504
57,58,27,M,programmer,52246,154,0.5948555511164261
58,59,49,M,educator,08403,382,0.6348953800032181
59,60,50,M,healthcare,06472,208,0.4609045985645095
60,61,36,M,engineer,30040,21,0.36698540553662223
61,62,27,F,administrator,97214,232,0.6275783238933256
62,63,31,M,marketing,75240,93,0.631525471827485
63,64,32,M,educator,43202,200,0.6646463171183801
64,65,51,F,educator,48118,80,0.6171196116591215
65,66,23,M,student,80521,38,0.4743618211520227
66,67,17,M,student,60402,30,0.3771359521165126
67,68,19,M,student,22904,34,0.6017981201966046
68,69,24,M,engineer,55337,65,0.5816914212744941
69,70,27,M,engineer,60067,131,0.5272451661280728
70,71,39,M,scientist,98034,38,0.579505894394081
71,72,48,F,administrator,73034,137,0.5515918886443515
72,73,24,M,student,41850,66,0.3700675660934288
73,74,39,M,scientist,T8H1N,39,0.3518618763337569
74,75,24,M,entertainment,08816,79,0.6623155954085942
75,76,20,M,student,02215,82,0.5387270531509404
76,77,30,M,technician,29379,72,0.6069225047983466
77,78,26,M,administrator,61801,21,0.25272036451867774
78,79,39,F,administrator,03755,55,0.4632044312044331
79,80,34,F,administrator,52241,29,0.5861167897881494
80,81,21,M,student,21218,58,0.5177950238027096
81,82,50,M,programmer,22902,168,0.646375894011925
82,83,40,M,other,44133,155,0.6110056900519958
83,84,32,M,executive,55369,68,0.4367199350251659
84,85,51,M,educator,20003,288,0.5786415146243457
85,86,26,M,administrator,46005,23,0.27828685050308294
86,87,47,M,administrator,89503,211,0.5251314443350165
87,88,49,F,librarian,11701,21,0.3930344326799166
88,89,43,F,administrator,68106,76,0.5781573491341419
89,90,60,M,educator,78155,300,0.5126683166333078
90,91,55,M,marketing,01913,98,0.5637315186459834
91,92,32,M,entertainment,80525,388,0.637087365092595
92,93,48,M,executive,23112,20,0.38604090094204896
93,94,26,M,student,71457,400,0.5768164757995112
94,95,31,M,administrator,10707,278,0.6403273897961003
95,96,25,F,artist,75206,56,0.3669863690554641
96,97,43,M,artist,98006,63,0.65410566779621
97,98,49,F,executive,90291,27,0.5921308259688703
98,99,20,M,student,63129,136,0.57441406693771
99,100,36,M,executive,90254,59,0.32953804465001363
100,101,15,M,student,05146,67,0.42056001140498545
101,102,38,M,programmer,30220,216,0.5665270855960407
102,103,26,M,student,55108,29,0.36301725192735584
103,104,27,M,student,55108,111,0.6494659642566742
104,105,24,M,engineer,94043,23,0.3104067467397965
105,106,61,M,retired,55125,64,0.44301204424430496
106,107,39,M,scientist,60466,22,0.4206911736548779
107,108,44,M,educator,63130,33,0.4306858567247546
108,109,29,M,other,55423,234,0.5784922545858046
109,110,19,M,student,77840,133,0.536143827127596
110,111,57,M,engineer,90630,24,0.36175601748705466
111,112,30,M,salesman,60613,46,0.42921335260910937
112,113,47,M,executive,95032,51,0.5630095580402108
113,114,27,M,programmer,75013,48,0.5161667053058281
114,115,31,M,engineer,17110,92,0.5064594235517419
115,116,40,M,healthcare,97232,143,0.633440085544908
116,117,20,M,student,16125,86,0.5128566114118839
117,118,21,M,administrator,90210,71,0.42417663228496877
118,119,32,M,programmer,67401,181,0.6201663695774345
119,120,47,F,other,06260,26,0.5061781884258674
120,121,54,M,librarian,99603,74,0.517493397711049
121,122,32,F,writer,22206,61,0.47320392674844114
122,123,48,F,artist,20008,54,0.5886696821930125
123,124,34,M,student,60615,24,0.4877181717499687
124,125,30,M,lawyer,22202,182,0.501579665765044
125,126,28,F,lawyer,20015,45,0.47814679408215344
126,127,33,M,none,73439,23,0.3076328140165582
127,128,24,F,marketing,20009,184,0.6268386359101165
128,129,36,F,marketing,07039,30,0.38397568175631636
129,130,20,M,none,60115,353,0.5242226784681039
130,131,59,F,administrator,15237,30,0.5508069662942326
131,132,24,M,other,94612,22,0.3044478400248304
132,133,53,M,engineer,78602,26,0.2899212652397769
133,134,31,M,programmer,80236,25,0.34700287165618954
134,135,23,M,student,38401,55,0.4284610018089333
135,136,51,M,other,97365,35,0.38192201616585214
136,137,50,M,educator,84408,47,0.46829249017904423
137,138,46,M,doctor,53211,51,0.47564228082949944
138,139,20,M,student,08904,24,0.30815722636681697
139,140,30,F,student,32250,21,0.24555280643182328
140,141,49,M,programmer,36117,107,0.5165218823109707
141,142,13,M,other,48118,33,0.41150117235177075
142,143,42,M,technician,08832,20,0.25928615954434825
143,144,53,M,programmer,20910,206,0.6438833710554913
144,145,31,M,entertainment,V3N4P,316,0.5973322704211127
145,146,45,M,artist,83814,29,0.39017022941351176
146,147,40,F,librarian,02143,20,0.2711352392576972
147,148,33,M,engineer,97006,65,0.7394079461990484
148,149,35,F,marketing,17325,36,0.5375325004983281
149,150,20,F,artist,02139,32,0.43368070497180994
150,151,38,F,administrator,48103,307,0.6606630201613384
151,152,33,F,educator,68767,106,0.5809491241489951
152,153,25,M,student,60641,23,0.5894107716868252
153,154,25,M,student,53703,51,0.3639988688287019
154,155,32,F,other,11217,22,0.30215947739591614
155,156,25,M,educator,08360,37,0.3360942923134821
156,157,57,M,engineer,70808,51,0.44344254241703046
157,158,50,M,educator,27606,173,0.6044556895986118
158,159,23,F,student,55346,107,0.5073842027365567
159,160,27,M,programmer,66215,120,0.5702807380584506
160,161,50,M,lawyer,55104,58,0.5510630343190095
161,162,25,M,artist,15610,42,0.4106434416685296
162,163,49,M,administrator,97212,23,0.3417956713762168
163,164,47,M,healthcare,80123,63,0.4974281643557737
164,165,20,F,other,53715,30,0.2891358089983041
165,166,47,M,educator,55113,20,0.34393991416958647
166,167,37,M,other,L9G2B,69,0.44227628600682184
167,168,48,M,other,80127,69,0.5808368199072493
168,169,52,F,other,53705,37,0.5976098962909517
169,170,53,F,healthcare,30067,22,0.3734172261898952
170,171,48,F,educator,78750,28,0.2645047363000595
171,172,55,M,marketing,22207,27,0.39115996201238945
172,173,56,M,other,22306,43,0.33518668778390504
173,174,30,F,administrator,52302,177,0.5644715105847202
174,175,26,F,scientist,21911,38,0.46687690851902663
175,176,28,M,scientist,07030,63,0.5463066586680471
176,177,20,M,programmer,19104,115,0.5617992130058008
177,178,26,M,other,49512,273,0.5689120569070786
178,179,15,M,entertainment,20755,42,0.3534406276097312
179,180,22,F,administrator,60202,63,0.5151991117359033
180,181,26,M,executive,21218,435,0.4845097329139081
181,182,36,M,programmer,33884,28,0.3968065044505767
182,183,33,M,scientist,27708,53,0.5613901760587003
183,184,37,M,librarian,76013,251,0.5287635851869964
184,185,53,F,librarian,97403,48,0.4014652658395591
185,186,39,F,executive,00000,92,0.6270955697617386
186,187,26,M,educator,16801,56,0.48367809054142225
187,188,42,M,student,29440,112,0.612454260795932
188,189,32,M,artist,95014,187,0.5864560759096354
189,190,30,M,administrator,95938,59,0.45758430672414485
190,191,33,M,administrator,95161,27,0.3117975745544232
191,192,42,M,educator,90840,35,0.3824028489339861
192,193,29,M,student,49931,121,0.5576867185806875
193,194,38,M,administrator,02154,305,0.6401670717457452
194,195,42,M,scientist,93555,96,0.43137903906849795
195,196,49,M,writer,55105,39,0.4852324090389626
196,197,55,M,technician,75094,118,0.518546447535686
197,198,21,F,student,55414,181,0.6072178584758394
198,199,30,M,writer,17604,40,0.482431845533947
199,200,40,M,programmer,93402,216,0.5807167288813323
200,201,27,M,writer,E2A4H,386,0.60662326485042
201,202,41,F,educator,60201,20,0.4254734844639565
202,203,25,F,student,32301,43,0.5480395775621993
203,204,52,F,librarian,10960,42,0.4328731652267016
204,205,47,M,lawyer,06371,22,0.32651571304308113
205,206,14,F,student,53115,64,0.3441406587822639
206,207,39,M,marketing,92037,230,0.5458992583850645
207,208,43,M,engineer,01720,33,0.3659020291986487
208,209,33,F,educator,85710,33,0.4038313501001732
209,210,39,M,engineer,03060,132,0.5231521965365209
210,211,66,M,salesman,32605,37,0.7561573177886789
211,212,49,F,educator,61401,25,0.5324395235381914
212,213,33,M,executive,55345,126,0.5869714742231286
213,214,26,F,librarian,11231,128,0.5690098900499252
214,215,35,M,programmer,63033,93,0.5404529888672177
215,216,22,M,engineer,02215,131,0.5856116163589453
216,217,22,M,other,11727,76,0.5951494187324453
217,218,37,M,administrator,06513,53,0.4514484364293484
218,219,32,M,programmer,43212,28,0.5604420361969187
219,220,30,M,librarian,78205,22,0.25586555459601856
220,221,19,M,student,20685,146,0.5259892857048155
221,222,29,M,programmer,27502,387,0.614868789049662
222,223,19,F,student,47906,105,0.5995396579229215
223,224,31,F,educator,43512,141,0.5134879500896964
224,225,51,F,administrator,58202,27,0.3828533782862155
225,226,28,M,student,92103,50,0.5301606725255218
226,227,46,M,executive,60659,58,0.45559413203700067
227,228,21,F,student,22003,21,0.3371501790776384
228,229,29,F,librarian,22903,30,0.6595229284050579
229,230,28,F,student,14476,133,0.6427383848975495
230,231,48,M,librarian,01080,21,0.2204792434901023
231,232,45,M,scientist,99709,93,0.5395426467439826
232,233,38,M,engineer,98682,110,0.5282682811585268
233,234,60,M,retired,94702,480,0.5632272131975282
234,235,37,M,educator,22973,94,0.5112408190201058
235,236,44,F,writer,53214,124,0.7973821296667248
236,237,49,M,administrator,63146,48,0.40159731818363426
237,238,42,F,administrator,44124,29,0.30993731341911074
238,239,39,M,artist,95628,159,0.5988753774433334
239,240,23,F,educator,20784,24,0.36449692656562305
240,241,26,F,student,20001,23,0.40446728789538605
241,242,33,M,educator,31404,20,0.464457519395348
242,243,33,M,educator,60201,81,0.40737872729900704
243,244,28,M,technician,80525,238,0.5989108928089882
244,245,22,M,student,55109,22,0.4542756668395483
245,246,19,M,student,28734,195,0.6074311683197987
246,247,28,M,engineer,20770,26,0.4141020568290856
247,248,25,M,student,37235,56,0.6571246987710341
248,249,25,M,student,84103,161,0.5167154509276128
249,250,29,M,executive,95110,122,0.5933059433762425
250,251,28,M,doctor,85032,77,0.4942714033762271
251,252,42,M,engineer,07733,21,0.3267999284259582
252,253,26,F,librarian,22903,97,0.5927962305982187
253,254,44,M,educator,42647,159,0.49519198980549645
254,255,23,M,entertainment,07029,83,0.5302075845005092
255,256,35,F,none,39042,207,0.5542661647527136
256,257,17,M,student,77005,57,0.4438811435005253
257,258,19,F,student,77801,23,0.42533341898425847
258,259,21,M,student,48823,46,0.3205457547170452
259,260,40,F,artist,89801,24,0.24127613363346162
260,261,28,M,administrator,85202,27,0.37946324147172045
261,262,19,F,student,78264,160,0.5741359317441387
262,263,41,M,programmer,55346,123,0.4963858396075407
263,264,36,F,writer,90064,120,0.49467343695476307
264,265,26,M,executive,84601,46,0.5099626930331822
265,266,62,F,administrator,78756,23,0.4009233245380544
266,267,23,M,engineer,83716,185,0.44214302489911134
267,268,24,M,engineer,19422,328,0.645945516379624
268,269,31,F,librarian,43201,323,0.6754708169313474
269,270,18,F,student,63119,138,0.5664126568695063
270,271,51,M,engineer,22932,278,0.6252521511340264
271,272,33,M,scientist,53706,51,0.4862217830442389
272,273,50,F,other,10016,22,0.3283320950806729
273,274,20,F,student,55414,71,0.48104681522859244
274,275,38,M,engineer,92064,95,0.42309306474976754
275,276,21,M,student,95064,518,0.4681998714530695
276,277,35,F,administrator,55406,54,0.488890478725103
277,278,37,F,librarian,30033,23,0.41054386635392726
278,279,33,M,programmer,85251,434,0.5499737338417663
279,280,30,F,librarian,22903,258,0.6836962259047749
280,281,15,F,student,06059,26,0.45952448035847054
281,282,22,M,administrator,20057,22,0.417821482259838
282,283,28,M,programmer,55305,53,0.45284313959894096
283,284,40,M,executive,92629,47,0.35698935411918414
284,285,25,M,programmer,53713,32,0.40115847465135096
285,286,27,M,student,15217,288,0.5609576293116275
286,287,21,M,salesman,31211,62,0.5306951500549616
287,288,34,M,marketing,23226,75,0.6284990016706545
288,289,11,M,none,94619,27,0.4304750522057729
289,290,40,M,engineer,93550,150,0.5565128861144836
290,291,19,M,student,44106,296,0.5743186240755483
291,292,35,F,programmer,94703,124,0.5059908960434492
292,293,24,M,writer,60804,388,0.5703202375217957
293,294,34,M,technician,92110,150,0.5555880221803242
294,295,31,M,educator,50325,196,0.5616860071401469
295,296,43,F,administrator,16803,147,0.5823345301676897
296,297,29,F,educator,98103,192,0.7516214831212747
297,298,44,M,executive,01581,127,0.5384587818914738
298,299,29,M,doctor,63108,280,0.5690319877062245
299,300,26,F,programmer,55106,20,0.6098072150617769
300,301,24,M,student,55439,275,0.6795362165217501
301,302,42,M,educator,77904,21,0.25356323890506255
302,303,19,M,student,14853,484,0.5382763411700766
303,304,22,F,student,71701,26,0.48501448335524
304,305,23,M,programmer,94086,222,0.6933888542226493
305,306,45,M,other,73132,32,0.4734393234341516
306,307,25,M,student,55454,112,0.60789144634937
307,308,60,M,retired,95076,397,0.5871028254631278
308,309,40,M,scientist,70802,20,0.2993105895015655
309,310,37,M,educator,91711,21,0.43178504095375275
310,311,32,M,technician,73071,294,0.6379113996625587
311,312,48,M,other,02110,223,0.5482015776133565
312,313,41,M,marketing,60035,262,0.5585713806344321
313,314,20,F,student,08043,245,0.5745538097611482
314,315,31,M,educator,18301,87,0.5720190359205999
315,316,43,F,other,77009,75,0.5960820308419069
316,317,22,M,administrator,13210,22,0.35398976226686485
317,318,65,M,retired,06518,174,0.5851693688828099
318,319,38,M,programmer,22030,23,0.4259431951442993
319,320,19,M,student,24060,154,0.5813714171999887
320,321,49,F,educator,55413,125,0.55234929368008
321,322,20,M,student,50613,51,0.44453780686979844
322,323,21,M,student,19149,89,0.4697866427265902
323,324,21,F,student,02176,66,0.5752617146470546
324,325,48,M,technician,02139,142,0.5326919406869444
325,326,41,M,administrator,15235,187,0.6585573796336862
326,327,22,M,student,11101,284,0.6114750594081307
327,328,51,M,administrator,06779,283,0.5335924090992021
328,329,48,M,educator,01720,65,0.42443535319909137
329,330,35,F,educator,33884,147,0.530539383540056
330,331,33,M,entertainment,91344,70,0.6424615968483387
331,332,20,M,student,40504,183,0.5878938188763234
332,333,47,M,other,V0R2M,26,0.4867077888087457
333,334,32,M,librarian,30002,333,0.6246457373497775
334,335,45,M,executive,33775,22,0.3364413795102952
335,336,23,M,salesman,42101,130,0.5493489460417565
336,337,37,M,scientist,10522,34,0.4424323487380915
337,338,39,F,librarian,59717,75,0.5364220142372681
338,339,35,M,lawyer,37901,254,0.5301084024361461
339,340,46,M,engineer,80123,44,0.47290999760031394
340,341,17,F,student,44405,21,0.2930619631450455
341,342,25,F,other,98006,201,0.6183314129967713
342,343,43,M,engineer,30093,237,0.6647196309547893
343,344,30,F,librarian,94117,190,0.554451344881006
344,345,28,F,librarian,94143,232,0.563374070256969
345,346,34,M,other,76059,193,0.591960659671138
346,347,18,M,student,90210,199,0.6963405536991008
347,348,24,F,student,45660,58,0.37081607415587964
348,349,68,M,retired,61455,41,0.5981920225319216
349,350,32,M,student,97301,50,0.45795500544458695
350,351,61,M,educator,49938,44,0.38298461306385234
351,352,37,F,programmer,55105,42,0.5375030189309573
352,353,25,M,scientist,28480,25,0.3861340327552047
353,354,29,F,librarian,48197,233,0.5461716638404304
354,355,25,M,student,60135,26,0.3288115775851614
355,356,32,F,homemaker,92688,24,0.3618914823774937
356,357,26,M,executive,98133,76,0.48676291363108537
357,358,40,M,educator,10022,43,0.3425936795433677
358,359,22,M,student,61801,27,0.37268036686391603
359,360,51,M,other,98027,102,0.45779094946900534
360,361,22,M,student,44074,121,0.5141190778808438
361,362,35,F,homemaker,85233,25,0.5983744970279467
362,363,20,M,student,87501,311,0.6397033256973198
363,364,63,M,engineer,01810,20,0.2887479326242131
364,365,29,M,lawyer,20009,58,0.5693511991227777
365,366,20,F,student,50670,33,0.7257444484988597
366,367,17,M,student,37411,58,0.340621878588871
367,368,18,M,student,92113,45,0.4521651528611178
368,369,24,M,student,91335,22,0.4271725526113181
369,370,52,M,writer,08534,75,0.5122411546887953
370,371,36,M,engineer,99206,51,0.5451887172186308
371,372,25,F,student,66046,66,0.47088535427243416
372,373,24,F,other,55116,233,0.6197031114041407
373,374,36,M,executive,78746,274,0.6488485896491449
374,375,17,M,entertainment,37777,28,0.25712483758685434
375,376,28,F,other,10010,30,0.28540864002339106
376,377,22,M,student,18015,33,0.37203372290294867
377,378,35,M,student,02859,375,0.5523819294074651
378,379,44,M,programmer,98117,196,0.5479499737585801
379,380,32,M,engineer,55117,162,0.5586887505165788
380,381,33,M,artist,94608,127,0.47798824748077307
381,382,45,M,engineer,01824,53,0.5397689591792683
382,383,42,M,administrator,75204,71,0.5462863470873702
383,384,52,M,programmer,45218,22,0.15458539100544644
384,385,36,M,writer,10003,281,0.53422061787268
385,386,36,M,salesman,43221,23,0.3800786729363133
386,387,33,M,entertainment,37412,304,0.6334333103051538
387,388,31,M,other,36106,52,0.46215117593815913
388,389,44,F,writer,83702,271,0.5529533849755129
389,390,42,F,writer,85016,31,0.3778236255008197
390,391,23,M,student,84604,121,0.6057020931707945
391,392,52,M,writer,59801,111,0.5543585964545122
392,393,19,M,student,83686,448,0.5877783785468447
393,394,25,M,administrator,96819,149,0.6037614761113159
394,395,43,M,other,44092,57,0.5411595442852134
395,396,57,M,engineer,94551,54,0.4529174371982817
396,397,17,M,student,27514,102,0.49584693216046233
397,398,40,M,other,60008,172,0.5736050419953318
398,399,25,M,other,92374,319,0.6241394846334635
399,400,33,F,administrator,78213,22,0.29601606965552596
400,401,46,F,healthcare,84107,153,0.5776950246667129
401,402,30,M,engineer,95129,68,0.5206244048743849
402,403,37,M,other,06811,50,0.570014335132372
403,404,29,F,programmer,55108,44,0.4689967971575337
404,405,22,F,healthcare,10019,737,0.41612393942438713
405,406,52,M,educator,93109,342,0.6628839993173868
406,407,29,M,engineer,03261,226,0.6127781564545749
407,408,23,M,student,61755,27,0.36446332739891524
408,409,48,M,administrator,98225,203,0.6015237266923515
409,410,30,F,artist,94025,28,0.3778565010983928
410,411,34,M,educator,44691,58,0.4485978103730684
411,412,25,M,educator,15222,51,0.402516101682791
412,413,55,M,educator,78212,50,0.5375974890255292
413,414,24,M,programmer,38115,25,0.38739123259751346
414,415,39,M,educator,85711,24,0.41954663530920683
415,416,20,F,student,92626,493,0.6253830671694061
416,417,27,F,other,48103,365,0.5926211346782703
417,418,55,F,none,21206,20,0.32464392235521033
418,419,37,M,lawyer,43215,32,0.3453211400988458
419,420,53,M,educator,02140,36,0.3910794672339828
420,421,38,F,programmer,55105,62,0.4713176868634987
421,422,26,M,entertainment,94533,97,0.5353328488364459
422,423,64,M,other,91606,64,0.489543550360769
423,424,36,F,marketing,55422,44,0.3780783215269605
424,425,19,M,student,58644,204,0.5806836757749123
425,426,55,M,educator,01602,101,0.5219807721179488
426,427,51,M,doctor,85258,31,0.4694790749197864
427,428,28,M,student,55414,55,0.4025347863203562
428,429,27,M,student,29205,414,0.6250324107246524
429,430,38,M,scientist,98199,65,0.48971979933127374
430,431,24,M,marketing,92629,21,0.34623739848276425
431,432,22,M,entertainment,50311,62,0.6764687614563705
432,433,27,M,artist,11211,41,0.5559655412340865
433,434,16,F,student,49705,44,0.4716737438762049
434,435,24,M,engineer,60007,379,0.6157476528443767
435,436,30,F,administrator,17345,145,0.5153285323301086
436,437,27,F,other,20009,263,0.625466656339586
437,438,51,F,administrator,43204,33,0.3972674090929118
438,439,23,F,administrator,20817,31,0.3421521741963789
439,440,30,M,other,48076,51,0.3938520071601502
440,441,50,M,technician,55013,20,0.3001816717528443
441,442,22,M,student,85282,143,0.534526132229371
442,443,35,M,salesman,33308,24,0.3346366171845514
443,444,51,F,lawyer,53202,24,0.3590220750377634
444,445,21,M,writer,92653,135,0.7242395237990201
445,446,57,M,educator,60201,36,0.33134004143822415
446,447,30,M,administrator,55113,139,0.6515659418244386
447,448,23,M,entertainment,10021,38,0.4571889144569055
448,449,23,M,librarian,55021,75,0.4387765070097051
449,450,35,F,educator,11758,540,0.6024653756558485
450,451,16,M,student,48446,98,0.45670743775111805
451,452,35,M,administrator,28018,206,0.6951800395376608
452,453,18,M,student,06333,156,0.5001254477801036
453,454,57,M,other,97330,236,0.6243213176221764
454,455,48,M,administrator,83709,189,0.5477231933838919
455,456,24,M,technician,31820,217,0.5676144103240763
456,457,33,F,salesman,30011,277,0.44551288068381123
457,458,47,M,technician,Y1A6B,183,0.5726831088380387
458,459,22,M,student,29201,118,0.6642051995220799
459,460,44,F,other,60630,68,0.4581358764646349
460,461,15,M,student,98102,23,0.3274361452400431
461,462,19,F,student,02918,33,0.4785359777415237
462,463,48,F,healthcare,75218,133,0.6605266845124809
463,464,60,M,writer,94583,53,0.44461978535842045
464,465,32,M,other,05001,80,0.42967438620612125
465,466,22,M,student,90804,101,0.6001215971412218
466,467,29,M,engineer,91201,44,0.5952720245072841
467,468,28,M,engineer,02341,143,0.54527895731699
468,469,60,M,educator,78628,43,0.21891254333878468
469,470,24,M,programmer,10021,57,0.5480932998756118
470,471,10,M,student,77459,31,0.4744223233482924
471,472,24,M,student,87544,263,0.6296468174918719
472,473,29,M,student,94708,35,0.5214913685480809
473,474,51,M,executive,93711,327,0.5509801591170949
474,475,30,M,programmer,75230,20,0.4212990767081622
475,476,28,M,student,60440,83,0.5047036980009739
476,477,23,F,student,02125,35,0.3633722548880396
477,478,29,M,other,10019,113,0.6356429299272395
478,479,30,M,educator,55409,202,0.6202855901709188
479,480,57,M,retired,98257,60,0.5076874687631759
480,481,73,M,retired,37771,56,0.5909674824059709
481,482,18,F,student,40256,26,0.3357685533401678
482,483,29,M,scientist,43212,59,0.5051539706035432
483,484,27,M,student,21208,139,0.6495844894288015
484,485,44,F,educator,95821,26,0.40661758352010813
485,486,39,M,educator,93101,189,0.6024218086212029
486,487,22,M,engineer,92121,231,0.6919237446450899
487,488,48,M,technician,21012,154,0.618238147641655
488,489,55,M,other,45218,109,0.41224005680329384
489,490,29,F,artist,V5A2B,57,0.5164977510363344
490,491,43,F,writer,53711,33,0.4457181482047876
491,492,57,M,educator,94618,55,0.6127156887722326
492,493,22,M,engineer,60090,135,0.7037510878569451
493,494,38,F,administrator,49428,47,0.5346319973214911
494,495,29,M,engineer,03052,213,0.6218082522609071
495,496,21,F,student,55414,129,0.6796719239821652
496,497,20,M,student,50112,279,0.5489628915384451
497,498,26,M,writer,55408,149,0.5017755401590722
498,499,42,M,programmer,75006,102,0.5390399926220117
499,500,28,M,administrator,94305,225,0.6775515448976842
500,501,22,M,student,10025,73,0.3912041386574222
501,502,22,M,student,23092,37,0.4505998368664909
502,503,50,F,writer,27514,160,0.6823390855093883
503,504,40,F,writer,92115,251,0.581725935657827
504,505,27,F,other,20657,112,0.48539708094397577
505,506,46,M,programmer,03869,242,0.6345549974998915
506,507,18,F,writer,28450,58,0.46861349063356655
507,508,27,M,marketing,19382,87,0.5761875408670251
508,509,23,M,administrator,10011,33,0.42510312238293996
509,510,34,M,other,98038,30,0.2505964784579396
510,511,22,M,student,21250,24,0.4238503227697278
511,512,29,M,other,20090,21,0.44201768742946906
512,513,43,M,administrator,26241,22,0.25253830601024013
513,514,27,M,programmer,20707,194,0.6182974537193603
514,515,53,M,marketing,49508,40,0.5031285311789806
515,516,53,F,librarian,10021,21,0.3174590230607908
516,517,24,M,student,55454,37,0.5157523437138315
517,518,49,F,writer,99709,73,0.5262245966917733
518,519,22,M,other,55320,49,0.44986274022970074
519,520,62,M,healthcare,12603,23,0.27701886743781595
520,521,19,M,student,02146,150,0.5547545775151527
521,522,36,M,engineer,55443,30,0.41014968998509377
522,523,50,F,administrator,04102,100,0.4033393417896868
523,524,56,M,educator,02159,306,0.6243809659977998
524,525,27,F,administrator,19711,54,0.3968694123492615
525,526,30,M,marketing,97124,68,0.528118555697555
526,527,33,M,librarian,12180,137,0.6611333836937686
527,528,18,M,student,55104,53,0.4793714124585647
528,529,47,F,administrator,44224,43,0.3520855022316058
529,530,29,M,engineer,94040,45,0.4762528480371262
530,531,30,F,salesman,97408,30,0.34307211770900087
531,532,20,M,student,92705,274,0.5074806672534988
532,533,43,M,librarian,02324,260,0.6759040872871105
533,534,20,M,student,05464,80,0.5040521793452297
534,535,45,F,educator,80302,218,0.577902369765867
535,536,38,M,engineer,30078,163,0.6135545755749094
536,537,36,M,engineer,22902,490,0.5484421002008615
537,538,31,M,scientist,21010,81,0.5001932961705565
538,539,53,F,administrator,80303,56,0.5640060167060897
539,540,28,M,engineer,91201,63,0.43145221444418913
540,541,19,F,student,84302,133,0.6318378180040308
541,542,21,M,student,60515,135,0.5016899363028697
542,543,33,M,scientist,95123,197,0.5120599037267203
543,544,44,F,other,29464,31,0.46520605096143736
544,545,27,M,technician,08052,162,0.5767385625876208
545,546,36,M,executive,22911,59,0.48635997792881575
546,547,50,M,educator,14534,23,0.3706259904952865
547,548,51,M,writer,95468,155,0.5585021766685764
548,549,42,M,scientist,45680,25,0.3638525531642313
549,550,16,F,student,95453,40,0.48916235781049217
550,551,25,M,programmer,55414,334,0.6361311681422557
551,552,45,M,other,68147,84,0.4220507640756115
552,553,58,M,educator,62901,100,0.48605919377545576
553,554,32,M,scientist,62901,114,0.5162188246891216
554,555,29,F,educator,23227,52,0.49607938099879967
555,556,35,F,educator,30606,44,0.5127611488476059
556,557,30,F,writer,11217,53,0.5666407264392261
557,558,56,F,writer,63132,20,0.34010999876677145
558,559,69,M,executive,10022,76,0.6052094890410786
559,560,32,M,student,10003,101,0.5214651505264349
560,561,23,M,engineer,60005,357,0.6012763793415343
561,562,54,F,administrator,20879,72,0.6601114674327956
562,563,39,F,librarian,32707,30,0.2593621533573981
563,564,65,M,retired,94591,34,0.3824488088206978
564,565,40,M,student,55422,35,0.34423846417534937
565,566,20,M,student,14627,149,0.6234827199898297
566,567,24,M,entertainment,10003,155,0.6787116867754147
567,568,39,M,educator,01915,81,0.3843368336624807
568,569,34,M,educator,91903,70,0.35190391904702506
569,570,26,M,educator,14627,22,0.31150496776416525
570,571,34,M,artist,01945,20,0.2760603844553337
571,572,51,M,educator,20003,20,0.4011917596254167
572,573,68,M,retired,48911,51,0.3305261779415322
573,574,56,M,educator,53188,46,0.4105683708811118
574,575,33,M,marketing,46032,26,0.4148905819642958
575,576,48,M,executive,98281,36,0.4263776593001516
576,577,36,F,student,77845,188,0.5976549036644828
577,578,31,M,administrator,M7A1A,24,0.2710032325321579
578,579,32,M,educator,48103,74,0.5899874438199625
579,580,16,M,student,17961,47,0.5053540693200549
580,581,37,M,other,94131,28,0.26502899333437285
581,582,17,M,student,93003,62,0.5418654932686071
582,583,44,M,engineer,29631,27,0.2878631711330405
583,584,25,M,student,27511,24,0.3565275438021117
584,585,69,M,librarian,98501,80,0.4266633892870569
585,586,20,M,student,79508,166,0.6258218183675106
586,587,26,M,other,14216,98,0.523971771163589
587,588,18,F,student,93063,225,0.6543520548731317
588,589,21,M,lawyer,90034,43,0.5569478042885554
589,590,50,M,educator,82435,48,0.4464402992132749
590,591,57,F,librarian,92093,84,0.43101551352738476
591,592,18,M,student,97520,360,0.560909347772144
592,593,31,F,educator,68767,156,0.6171211697377895
593,594,46,M,educator,M4J2K,25,0.3006451693102251
594,595,25,M,programmer,31909,96,0.5059641512364476
595,596,20,M,artist,77073,20,0.34551536795024784
596,597,23,M,other,84116,41,0.44897372548114345
597,598,40,F,marketing,43085,25,0.35158892432600064
598,599,22,F,student,R3T5K,47,0.49327575845503496
599,600,34,M,programmer,02320,89,0.4434128625516707
600,601,19,F,artist,99687,148,0.636741865842627
601,602,47,F,other,34656,29,0.4076456639886952
602,603,21,M,programmer,47905,47,0.5082043771957436
603,604,39,M,educator,11787,27,0.38681609521818694
604,605,33,M,engineer,33716,90,0.6475997731256984
605,606,28,M,programmer,63044,236,0.6428532366546642
606,607,49,F,healthcare,02154,37,0.39755257767928687
607,608,22,M,other,10003,163,0.5758499426594931
608,609,13,F,student,55106,28,0.45628205954493806
609,610,22,M,student,21227,75,0.5890793680300039
610,611,46,M,librarian,77008,42,0.5328771010774661
611,612,36,M,educator,79070,27,0.48920875480564546
612,613,37,F,marketing,29678,28,0.32098771300410306
613,614,54,M,educator,80227,39,0.5816965360002162
614,615,38,M,educator,27705,103,0.5247526356612728
615,616,55,M,scientist,50613,43,0.47855252637201456
616,617,27,F,writer,11201,108,0.46539718786508144
617,618,15,F,student,44212,216,0.6191151569431788
618,619,17,M,student,44134,89,0.6348421872988098
619,620,18,F,writer,81648,110,0.5016080030280249
620,621,17,M,student,60402,171,0.5899557356740487
621,622,25,M,programmer,14850,228,0.6331978839844332
622,623,50,F,educator,60187,45,0.5365457173096378
623,624,19,M,student,30067,141,0.4856194538871032
624,625,27,M,programmer,20723,106,0.5653421184733789
625,626,23,M,scientist,19807,32,0.32589975063706694
626,627,24,M,engineer,08034,181,0.6667097768282543
627,628,13,M,none,94306,27,0.2793392004389922
628,629,46,F,other,44224,121,0.5536018623333504
629,630,26,F,healthcare,55408,108,0.6468358353234597
630,631,18,F,student,38866,20,0.17012945464084447
631,632,18,M,student,55454,118,0.5895687953847408
632,633,35,M,programmer,55414,58,0.4612828864498411
633,634,39,M,engineer,T8H1N,135,0.5037433868656315
634,635,22,M,other,23237,34,0.42942725831365164
635,636,47,M,educator,48043,20,0.31530953613591906
636,637,30,M,other,74101,104,0.5883221497268465
637,638,45,M,engineer,01940,67,0.6726565188064711
638,639,42,F,librarian,12065,148,0.5512691054071506
639,640,20,M,student,61801,109,0.46257988189928284
640,641,24,M,student,60626,40,0.3524161704067446
641,642,18,F,student,95521,318,0.5630532343740781
642,643,39,M,scientist,55122,206,0.5468054251623649
643,644,51,M,retired,63645,42,0.32092829609742907
644,645,27,M,programmer,53211,122,0.4840757010827275
645,646,17,F,student,51250,38,0.3489806919868266
646,647,40,M,educator,45810,58,0.489976275927963
647,648,43,M,engineer,91351,297,0.6415713992788656
648,649,20,M,student,39762,24,0.3556446261480365
649,650,42,M,engineer,83814,311,0.5378302834157053
650,651,65,M,retired,02903,21,0.35595355201988105
651,652,35,M,other,22911,22,0.4016527797506183
652,653,31,M,executive,55105,283,0.6766530381396834
653,654,27,F,student,78739,147,0.6211441103905347
654,655,50,F,healthcare,60657,685,0.515410592350583
655,656,48,M,educator,10314,24,0.37896232549381337
656,657,26,F,none,78704,29,0.5092206198373725
657,658,33,M,programmer,92626,71,0.3673616715657854
658,659,31,M,educator,54248,191,0.6020866285776278
659,660,26,M,student,77380,224,0.6252662757480997
660,661,28,M,programmer,98121,121,0.5688494817235223
661,662,55,M,librarian,19102,23,0.39187034841077817
662,663,26,M,other,19341,158,0.5215313790672752
663,664,30,M,engineer,94115,166,0.5447850921742069
664,665,25,M,administrator,55412,142,0.5420202963648113
665,666,44,M,administrator,61820,245,0.5486305183559241
666,667,35,M,librarian,01970,47,0.5362637820412509
667,668,29,F,writer,10016,46,0.4734108665329743
668,669,37,M,other,20009,100,0.6608073719732311
669,670,30,M,technician,21114,46,0.4494632024846593
670,671,21,M,programmer,91919,124,0.6807819888710819
671,672,54,F,administrator,90095,29,0.48061244745317216
672,673,51,M,educator,22906,35,0.4856701727471225
673,674,13,F,student,55337,41,0.4943885941150382
674,675,34,M,other,28814,34,0.4993149865396775
675,676,30,M,programmer,32712,77,0.49200744368645866
676,677,20,M,other,99835,49,0.5732704676514744
677,678,50,M,educator,61462,28,0.5072667275507486
678,679,20,F,student,54302,62,0.5409087733347423
679,680,33,M,lawyer,90405,38,0.38957596645950204
680,681,44,F,marketing,97208,22,0.42681491274495625
681,682,23,M,programmer,55128,399,0.6003647887435676
682,683,42,M,librarian,23509,75,0.581400683993064
683,684,28,M,student,55414,86,0.5149836295436322
684,685,32,F,librarian,55409,20,0.2002212249697358
685,686,32,M,educator,26506,71,0.41503029315015505
686,687,31,F,healthcare,27713,21,0.3123065320954546
687,688,37,F,administrator,60476,24,0.3062015844744244
688,689,25,M,other,45439,36,0.4651870828739083
689,690,35,M,salesman,63304,115,0.5396099784521345
690,691,34,M,educator,60089,32,0.340024833266351
691,692,34,M,engineer,18053,40,0.5098851001643735
692,693,43,F,healthcare,85210,154,0.6634159287854626
693,694,60,M,programmer,06365,157,0.49072346873919725
694,695,26,M,writer,38115,38,0.5302436876630839
695,696,55,M,other,94920,29,0.4521164458111339
696,697,25,M,other,77042,105,0.5338036513490807
697,698,28,F,programmer,06906,127,0.6573369886267335
698,699,44,M,other,96754,149,0.5607134338608436
699,700,17,M,student,76309,21,0.3481144505877786
700,701,51,F,librarian,56321,33,0.2894684598834474
701,702,37,M,other,89104,31,0.48547272351344073
702,703,26,M,educator,49512,47,0.39868356867214183
703,704,51,F,librarian,91105,90,0.6856430733091958
704,705,21,F,student,54494,114,0.6486799387653762
705,706,23,M,student,55454,29,0.45704738705321707
706,707,56,F,librarian,19146,236,0.5093817234408436
707,708,26,F,homemaker,96349,105,0.5498557770377975
708,709,21,M,other,N4T1A,138,0.5587311844840206
709,710,19,M,student,92020,86,0.43877724232850673
710,711,22,F,student,15203,221,0.5744545467261314
711,712,22,F,student,54901,162,0.5390774502892783
712,713,42,F,other,07204,30,0.3738380025579838
713,714,26,M,engineer,55343,44,0.45464266480394083
714,715,21,M,technician,91206,167,0.5961516650552121
715,716,36,F,administrator,44265,269,0.6512452979573464
716,717,24,M,technician,84105,93,0.5217649082200526
717,718,42,M,technician,64118,39,0.45613083933648785
718,719,37,F,other,V0R2H,67,0.6040685089660971
719,720,49,F,administrator,16506,30,0.34627867689695935
720,721,24,F,entertainment,11238,168,0.6869753497301585
721,722,50,F,homemaker,17331,42,0.4272337011124506
722,723,26,M,executive,94403,22,0.27036927650451387
723,724,31,M,executive,40243,85,0.4954221144227344
724,725,21,M,student,91711,25,0.339148924926022
725,726,25,F,administrator,80538,24,0.4718864143451122
726,727,25,M,student,78741,322,0.6467013311871349
727,728,58,M,executive,94306,26,0.36916415895328863
728,729,19,M,student,56567,21,0.2945029517826073
729,730,31,F,scientist,32114,38,0.530808522537813
730,731,41,F,educator,70403,83,0.4509472165871808
731,732,28,F,other,98405,20,0.3704233725557331
732,733,44,F,other,60630,107,0.5280817556678773
733,734,25,F,other,63108,64,0.5372842540592435
734,735,29,F,healthcare,85719,53,0.5400341537302034
735,736,48,F,writer,94618,24,0.29978856383509317
736,737,30,M,programmer,98072,33,0.43339875979614456
737,738,35,M,technician,95403,148,0.5231446260319275
738,739,35,M,technician,73162,35,0.5029863520220903
739,740,25,F,educator,22206,20,0.35187104480151704
740,741,25,M,writer,63108,104,0.5936595839753597
741,742,35,M,student,29210,26,0.2571585027872693
742,743,31,M,programmer,92660,35,0.3533310351893965
743,744,35,M,marketing,47024,27,0.42264007393138775
744,745,42,M,writer,55113,60,0.6247904966424577
745,746,25,M,engineer,19047,67,0.5836210991050471
746,747,19,M,other,93612,293,0.550851474432967
747,748,28,M,administrator,94720,108,0.5214519504565741
748,749,33,M,other,80919,305,0.6019375569170566
749,750,28,M,administrator,32303,33,0.3590608665505972
750,751,24,F,other,90034,168,0.6786753729628068
751,752,60,M,retired,21201,73,0.4995617016219457
752,753,56,M,salesman,91206,57,0.43261047215435755
753,754,59,F,librarian,62901,34,0.3045770511177155
754,755,44,F,educator,97007,38,0.40738412989245537
755,756,30,F,none,90247,109,0.6305601603725652
756,757,26,M,student,55104,166,0.5482785075524024
757,758,27,M,student,53706,357,0.6537405496630134
758,759,20,F,student,68503,32,0.31922197327854857
759,760,35,F,other,14211,41,0.5378008499836141
760,761,17,M,student,97302,66,0.4583459876263985
761,762,32,M,administrator,95050,21,0.37608394148525276
762,763,27,M,scientist,02113,129,0.5535476303396946
763,764,27,F,educator,62903,109,0.541832440744875
764,765,31,M,student,33066,23,0.30171739339777204
765,766,42,M,other,10960,175,0.5234830169860262
766,767,70,M,engineer,00000,37,0.3501284242553961
767,768,29,M,administrator,12866,64,0.5096496819788634
768,769,39,M,executive,06927,29,0.5142379946309686
769,770,28,M,student,14216,64,0.5186394989485134
770,771,26,M,student,15232,70,0.6666128870878874
771,772,50,M,writer,27105,33,0.38880163700076814
772,773,20,M,student,55414,161,0.5798414415542033
773,774,30,M,student,80027,224,0.7076153563667739
774,775,46,M,executive,90036,28,0.3779825386284061
775,776,30,M,librarian,51157,105,0.507977137434903
776,777,63,M,programmer,01810,36,0.6881334894244665
777,778,34,M,student,01960,65,0.5224534580281763
778,779,31,M,student,K7L5J,37,0.5457885165074742
779,780,49,M,programmer,94560,55,0.599333252997294
780,781,20,M,student,48825,42,0.4251487489652557
781,782,21,F,artist,33205,232,0.41267538666746634
782,783,30,M,marketing,77081,30,0.3732283815866085
783,784,47,M,administrator,91040,39,0.28416598717446584
784,785,32,M,engineer,23322,27,0.3625012256655406
785,786,36,F,engineer,01754,117,0.5390663895837232
786,787,18,F,student,98620,57,0.3809039610970206
787,788,51,M,administrator,05779,249,0.5437397367006473
788,789,29,M,other,55420,33,0.3978394974991712
789,790,27,M,technician,80913,231,0.64163926169796
790,791,31,M,educator,20064,25,0.5785934012950803
791,792,40,M,programmer,12205,47,0.3550392010310158
792,793,22,M,student,85281,55,0.4019744947434883
793,794,32,M,educator,57197,39,0.2625882522415941
794,795,30,M,programmer,08610,159,0.6424261946253956
795,796,32,F,writer,33755,358,0.6661273761532149
796,797,44,F,other,62522,26,0.40537650912959156
797,798,40,F,writer,64131,239,0.5439842193779333
798,799,49,F,administrator,19716,24,0.44192005859121525
799,800,25,M,programmer,55337,28,0.26744278723717513
800,801,22,M,writer,92154,26,0.36954860248184923
801,802,35,M,administrator,34105,75,0.5411725562030077
802,803,70,M,administrator,78212,33,0.2957759740131469
803,804,39,M,educator,61820,332,0.5670013985171826
804,805,27,F,other,20009,273,0.6403067115240403
805,806,27,M,marketing,11217,140,0.679103445031996
806,807,41,F,healthcare,93555,204,0.553520634612961
807,808,45,M,salesman,90016,23,0.4554167318071428
808,809,50,F,marketing,30803,20,0.2776822816423639
809,810,55,F,other,80526,26,0.2810524585272923
810,811,40,F,educator,73013,21,0.23054761175199112
811,812,22,M,technician,76234,20,0.2825455127318039
812,813,14,F,student,02136,29,0.34352784895363425
813,814,30,M,other,12345,35,0.34447768741930956
814,815,32,M,other,28806,183,0.6815390672319275
815,816,34,M,other,20755,25,0.2895218212795853
816,817,19,M,student,60152,36,0.34729710175634054
817,818,28,M,librarian,27514,21,0.47965078941111555
818,819,59,M,administrator,40205,28,0.4373311290427749
819,820,22,M,student,37725,21,0.4448429446182123
820,821,37,M,engineer,77845,62,0.4465815735967495
821,822,29,F,librarian,53144,25,0.3779481936864841
822,823,27,M,artist,50322,185,0.5838080828419416
823,824,31,M,other,15017,20,0.3090537521525216
824,825,44,M,engineer,05452,145,0.5048915820687354
825,826,28,M,artist,77048,115,0.5295777835638213
826,827,23,F,engineer,80228,28,0.27843776064622094
827,828,28,M,librarian,85282,104,0.47117275927015323
828,829,48,M,writer,80209,64,0.4430650582606644
829,830,46,M,programmer,53066,106,0.5715545546012725
830,831,21,M,other,33765,73,0.6095520602969806
831,832,24,M,technician,77042,25,0.3734721819358834
832,833,34,M,writer,90019,267,0.5892587453782036
833,834,26,M,other,64153,54,0.5622953500646589
834,835,44,F,executive,11577,102,0.5739416452493561
835,836,44,M,artist,10018,50,0.48130979990033834
836,837,36,F,artist,55409,46,0.4936121671504864
837,838,23,M,student,01375,93,0.4807433588796765
838,839,38,F,entertainment,90814,57,0.5155703836246902
839,840,39,M,artist,55406,197,0.5242987968120957
840,841,45,M,doctor,47401,31,0.38653680736789625
841,842,40,M,writer,93055,27,0.3353798448317539
842,843,35,M,librarian,44212,204,0.5554814734629496
843,844,22,M,engineer,95662,81,0.482984779557123
844,845,64,M,doctor,97405,31,0.25972281633572364
845,846,27,M,lawyer,47130,405,0.5816446418270099
846,847,29,M,student,55417,146,0.5792094471260584
847,848,46,M,engineer,02146,150,0.6380043720534312
848,849,15,F,student,25652,23,0.26432866424390716
849,850,34,M,technician,78390,51,0.5083559088985665
850,851,18,M,other,29646,209,0.4969320647762116
851,852,46,M,administrator,94086,49,0.4594959441665843
852,853,49,M,writer,40515,41,0.2966670541228413
853,854,29,F,student,55408,217,0.5974786950482021
854,855,53,M,librarian,04988,23,0.3861411882751248
855,856,43,F,marketing,97215,26,0.2590345407102096
856,857,35,F,administrator,V1G4L,22,0.26053985052709405
857,858,63,M,educator,09645,21,0.4280432550869634
858,859,18,F,other,06492,39,0.45578361925217775
859,860,70,F,retired,48322,71,0.5207571134341451
860,861,38,F,student,14085,43,0.42559106754064696
861,862,25,M,executive,13820,165,0.5731663506385829
862,863,17,M,student,60089,107,0.5155872524177707
863,864,27,M,programmer,63021,294,0.5911894074179235
864,865,25,M,artist,11231,66,0.5259455740398382
865,866,45,M,other,60302,20,0.405085187113948
866,867,24,M,scientist,92507,95,0.586584025575542
867,868,21,M,programmer,55303,208,0.7024347418395815
868,869,30,M,student,10025,47,0.4960729265564616
869,870,22,M,student,65203,269,0.6454090423334572
870,871,31,M,executive,44648,115,0.5941992222995481
871,872,19,F,student,74078,71,0.5265497055298816
872,873,48,F,administrator,33763,20,0.2680248092149654
873,874,36,M,scientist,37076,34,0.3505066892528827
874,875,24,F,student,35802,89,0.538032426390026
875,876,41,M,other,20902,21,0.30751669335266246
876,877,30,M,other,77504,81,0.5219864541080692
877,878,50,F,educator,98027,134,0.6976479913246381
878,879,33,F,administrator,55337,29,0.48649255412628745
879,880,13,M,student,83702,368,0.5433379898953881
880,881,39,M,marketing,43017,259,0.6629303238934404
881,882,35,M,engineer,40503,137,0.5325190727125135
882,883,49,M,librarian,50266,268,0.5895173456221551
883,884,44,M,engineer,55337,43,0.42883202720858704
884,885,30,F,other,95316,102,0.627393953341867
885,886,20,M,student,61820,240,0.6440307313559126
886,887,14,F,student,27249,171,0.5839595284150823
887,888,41,M,scientist,17036,20,0.2454496062962812
888,889,24,M,technician,78704,326,0.5806456485211262
889,890,32,M,student,97301,119,0.5221049746580014
890,891,51,F,administrator,03062,47,0.45887842317244437
891,892,36,M,other,45243,226,0.5697352793453846
892,893,25,M,student,95823,59,0.41718861911544264
893,894,47,M,educator,74075,245,0.44144605818614013
894,895,31,F,librarian,32301,20,0.34983754642487314
895,896,28,M,writer,91505,362,0.6943346335895032
896,897,30,M,other,33484,185,0.5982987476966438
897,898,23,M,homemaker,61755,30,0.3468571787153646
898,899,32,M,other,55116,135,0.6686312239084835
899,900,60,M,retired,18505,45,0.43329325010485736
900,901,38,M,executive,L1V3W,124,0.4943279696007999
901,902,45,F,artist,97203,49,0.4475082904661891
902,903,28,M,educator,20850,136,0.5620747975505695
903,904,17,F,student,61073,47,0.4497839500920504
904,905,27,M,other,30350,40,0.34361725794201237
905,906,45,M,librarian,70124,41,0.4178127868980403
906,907,25,F,other,80526,147,0.5099999241563782
907,908,44,F,librarian,68504,74,0.4315761108459592
908,909,50,F,educator,53171,26,0.3585616428268684
909,910,28,M,healthcare,29301,60,0.5990565926141725
910,911,37,F,writer,53210,98,0.6388246421856417
911,912,51,M,other,06512,53,0.5433155332258114
912,913,27,M,student,76201,132,0.6191268347438083
913,914,44,F,other,08105,23,0.5161160938073155
914,915,50,M,entertainment,60614,26,0.38142228676005563
915,916,27,M,engineer,N2L5N,317,0.5535815505165202
916,917,22,F,student,20006,35,0.48303348963085524
917,918,40,M,scientist,70116,103,0.5549329422088188
918,919,25,M,other,14216,217,0.5796894519849203
919,920,30,F,artist,90008,26,0.38632557760876274
920,921,20,F,student,98801,110,0.6645337012841482
921,922,29,F,administrator,21114,127,0.6287953755604953
922,923,21,M,student,E2E3R,74,0.40182482768854694
923,924,29,M,other,11753,82,0.5237654003117219
924,925,18,F,salesman,49036,32,0.4111762244495675
925,926,49,M,entertainment,01701,20,0.20959902595390492
926,927,23,M,programmer,55428,120,0.5329270444424732
927,928,21,M,student,55408,32,0.2754815732210807
928,929,44,M,scientist,53711,49,0.5632054871969673
929,930,28,F,scientist,07310,63,0.6125874862510235
930,931,60,M,educator,33556,61,0.468809733757677
931,932,58,M,educator,06437,241,0.5684894086193758
932,933,28,M,student,48105,184,0.646301363602867
933,934,61,M,engineer,22902,174,0.5606832929456392
934,935,42,M,doctor,66221,39,0.4812831504367917
935,936,24,M,other,32789,142,0.5058743048757027
936,937,48,M,educator,98072,40,0.42602595148094324
937,938,38,F,technician,55038,108,0.6788950349058439
938,939,26,F,student,33319,49,0.3745243313661266
939,940,32,M,administrator,02215,107,0.6487831773695522
940,941,20,M,student,97229,22,0.4314768601883598
941,942,48,F,librarian,78209,79,0.44698835436264334
942,943,22,M,student,77841,168,0.6324057247136654
943,944,33,F,other,78744,20,0.30676647110974303
944,945,43,M,engineer,78739,22,0.3226411347436073
945,946,27,M,healthcare,78613,23,0.5903169683946543
946,947,25,M,scientist,78726,20,0.26551944881461015
947,948,28,F,student,78748,20,0.36405278073013586
